index,original index,formula,lp2p,lp3p,pi_conj,en1,en2,en3,en4,en5,m,p
1,1,BF2,0,0,0,2.04,7.96,0.00,0.00,0.00,0.32,0.48
2,2,Br,0,0,0,2.96,0.00,0.00,0.00,0.00,0.39,0.23
3,3,GeBr3,0,0,0,2.01,8.88,0.00,0.00,0.00,0.66,0.73
4,4,SiBr3,0,0,0,1.90,8.88,0.00,0.00,0.00,0.48,0.57
5,5,Cl,0,1,0,3.16,0.00,0.00,0.00,0.00,0.37,0.23
6,6,HgCl,0,0,0,2.00,3.16,0.00,0.00,0.00,0.33,0.35
7,7,SO2Cl,0,0,1,2.58,16.92,0.00,0.00,0.00,1.20,1.11
8,8,SCl,0,1,0,2.58,3.16,0.00,0.00,0.00,0.44,0.48
9,9,ICl2,0,0,0,2.66,6.32,0.00,0.00,0.00,1.10,1.11
10,10,P(O)Cl2,0,0,1,2.19,13.20,0.00,0.00,0.00,0.78,0.90
11,11,PCl2,0,1,0,2.19,6.32,0.00,0.00,0.00,0.54,0.61
12,12,P(S)Cl2,0,0,1,2.19,11.48,0.00,0.00,0.00,0.70,0.80
13,13,GeCl3,0,0,0,2.01,6.48,0.00,0.00,0.00,0.71,0.79
14,14,SiCl3,0,0,0,1.90,6.48,0.00,0.00,0.00,0.48,0.56
15,15,F,1,0,0,3.98,0.00,0.00,0.00,0.00,0.34,0.06
16,16,HgF,0,0,0,2.00,3.98,0.00,0.00,0.00,0.34,0.33
17,17,SOF,0,1,1,2.58,10.86,0.00,0.00,0.00,0.74,0.83
18,18,SO2F,0,0,1,2.58,28.60,0.00,0.00,0.00,0.80,0.91
19,19,IF2,0,0,0,2.66,7.96,0.00,0.00,0.00,0.85,0.83
20,20,POF2,0,0,1,2.19,14.84,0.00,0.00,0.00,0.81,0.89
21,21,PF2,0,1,0,2.19,7.96,0.00,0.00,0.00,0.49,0.59
22,22,GeF3,0,0,0,2.01,11.94,0.00,0.00,0.00,0.85,0.97
23,23,SF3,0,1,0,2.58,11.94,0.00,0.00,0.00,0.70,0.80
24,24,SiF3,0,0,0,1.90,11.94,0.00,0.00,0.00,0.54,0.69
25,25,IF4,0,0,0,2.66,15.92,0.00,0.00,0.00,1.07,1.15
26,26,PF4,0,0,0,2.19,15.92,0.00,0.00,0.00,0.63,0.80
27,27,SF5,0,0,0,2.58,19.90,0.00,0.00,0.00,0.61,0.68
28,28,I,0,0,0,2.66,0.00,0.00,0.00,0.00,0.35,0.18
29,29,IO,0,0,1,2.66,6.88,0.00,0.00,0.00,0.58,0.62
30,30,IO2,0,0,1,2.66,10.32,0.00,0.00,0.00,0.68,0.78
31,31,NO,1,0,1,3.04,6.88,0.00,0.00,0.00,0.62,0.91
32,32,NO2,0,0,1,3.04,10.32,0.00,0.00,0.00,0.71,0.78
33,33,ONO2,1,0,0,3.44,3.04,10.32,0.00,0.00,0.55,0.70
34,37,N3,1,0,1,3.04,6.08,6.08,0.00,0.00,0.37,0.08
35,43,H,0,0,0,2.20,0.00,0.00,0.00,0.00,0.00,0.00
36,44,NHNO2,1,0,0,3.04,5.24,10.32,0.00,0.00,0.91,0.57
37,45,OH,1,0,0,3.44,2.20,0.00,0.00,0.00,0.12,-0.37
38,46,S(O)OH,0,1,1,2.58,10.32,2.20,0.00,0.00,-0.04,-0.07
39,49,SH,0,1,0,2.58,2.20,0.00,0.00,0.00,0.25,0.15
40,50,B(OH)2,0,0,0,2.04,10.32,6.60,0.00,0.00,-0.01,0.12
41,51,NH2,1,0,0,3.04,4.40,0.00,0.00,0.00,-0.16,-0.66
42,52,NHOH,1,0,0,3.04,5.64,2.20,0.00,0.00,-0.04,-0.34
43,53,SO2NH2,0,0,1,2.58,16.80,4.40,0.00,0.00,0.53,0.60
44,54,PO(OH)2,0,0,1,2.19,13.76,4.40,0.00,0.00,0.36,0.42
45,55,PH2,0,1,0,2.19,4.40,0.00,0.00,0.00,0.06,0.05
46,57,GeH3,0,0,0,2.01,6.60,0.00,0.00,0.00,0.00,0.01
47,59,NHNH2,1,0,0,3.04,5.24,4.40,0.00,0.00,-0.02,-0.55
48,60,SiH3,0,0,0,1.90,6.60,0.00,0.00,0.00,0.05,0.10
49,61,CBr3,0,0,0,2.55,8.88,0.00,0.00,0.00,0.28,0.29
50,62,CClF2,0,0,0,2.55,11.12,0.00,0.00,0.00,0.42,0.46
51,63,5-chloro-1-tetrazolyl,1,0,0,3.04,5.59,15.32,0.00,0.00,0.60,0.61
52,64,COCl,0,0,1,2.55,10.04,0.00,0.00,0.00,0.51,0.61
53,65,N=CCl2,1,0,1,3.04,5.10,6.32,0.00,0.00,0.21,0.13
54,66,CCl3,0,0,0,2.55,9.48,0.00,0.00,0.00,0.40,0.46
55,67,OCCl3,1,0,0,3.44,2.55,9.48,0.00,0.00,0.43,0.35
56,68,COF,0,0,1,2.55,10.86,0.00,0.00,0.00,0.55,0.70
57,70,CF3,0,0,0,2.55,11.94,0.00,0.00,0.00,0.43,0.54
58,71,HgCF3,0,0,0,2.00,2.55,11.94,0.00,0.00,0.29,0.32
59,72,HgSCF3,0,0,0,2.00,2.58,2.55,11.94,0.00,0.39,0.42
60,73,I=NSO2CF3,0,0,1,2.66,6.08,2.58,16.31,11.94,1.30,1.35
61,74,N=NCF3,1,0,1,3.04,6.08,2.55,11.94,0.00,0.56,0.68
62,75,OCF3,1,0,0,3.44,2.55,11.94,0.00,0.00,0.38,0.35
63,76,SOCF3,0,1,1,2.58,9.43,11.94,0.00,0.00,0.63,0.69
64,77,SeOCF3,0,0,1,2.55,9.43,11.94,0.00,0.00,0.81,0.83
65,78,SO2CF3,0,0,1,2.58,16.31,11.94,0.00,0.00,0.83,0.96
66,79,SeO2CF3,0,0,1,2.55,16.31,11.94,0.00,0.00,1.08,1.21
67,80,OSO2CF3,1,0,0,3.44,2.58,16.31,11.94,0.00,0.56,0.53
68,81,SCF3,0,1,0,2.58,2.55,11.94,0.00,0.00,0.40,0.50
69,82,SeCF3,0,0,0,2.55,2.55,11.94,0.00,0.00,0.44,0.45
70,83,HgCN,0,0,0,2.00,2.55,9.12,0.00,0.00,0.28,0.34
71,84,CN,0,0,1,2.55,9.12,0.00,0.00,0.00,0.56,0.66
72,85,NC,0,0,1,3.04,7.65,0.00,0.00,0.00,0.48,0.49
73,86,CN(BBr3),0,0,1,2.55,9.12,2.04,8.88,0.00,0.61,0.48
74,87,CN(BCl3),0,0,1,2.55,9.12,2.04,9.48,0.00,0.95,0.86
75,88,CN(BF3),0,0,1,2.55,9.12,2.04,11.94,0.00,0.72,0.66
76,89,N=C=O,1,0,1,3.04,5.10,6.88,0.00,0.00,0.27,0.19
77,90,OCN,1,0,0,3.44,2.55,9.12,0.00,0.00,0.67,0.54
78,91,SO2CN,0,0,1,2.58,16.31,9.12,0.00,0.00,1.10,1.26
79,92,N=C=S,1,0,1,3.04,5.10,5.16,0.00,0.00,0.48,0.38
80,93,SCN,0,1,0,2.58,2.55,9.12,0.00,0.00,0.51,0.52
81,94,SeCN,0,0,0,2.55,2.55,9.12,0.00,0.00,0.61,0.66
82,95,N=NCN,1,0,1,3.04,6.08,2.55,9.12,0.00,0.71,1.03
83,96,N(O)=NCN,0,0,1,3.04,9.52,2.55,9.12,0.00,0.78,0.89
84,97,C(NO2)3,0,0,0,2.55,9.12,30.96,0.00,0.00,0.72,0.82
85,98,5-azido-1-tetrazolyl,1,0,0,3.04,5.59,15.20,6.08,6.08,0.54,0.54
86,100,CHBr2,0,0,0,2.55,8.12,0.00,0.00,0.00,0.31,0.32
87,101,CHCl2,0,0,0,2.55,8.52,0.00,0.00,0.00,0.31,0.32
88,102,OCHCl2,1,0,0,3.44,2.55,8.52,0.00,0.00,0.38,0.26
89,103,CHF2,0,0,0,2.55,10.16,0.00,0.00,0.00,0.29,0.32
90,104,OCHF2,1,0,0,3.44,2.55,10.16,0.00,0.00,0.31,0.18
91,105,SOCHF2,0,1,1,2.58,9.43,10.16,0.00,0.00,0.54,0.58
92,106,SO2CHF2,0,0,1,2.58,16.31,10.16,0.00,0.00,0.75,0.86
93,107,SCHF2,0,1,0,2.58,2.55,10.16,0.00,0.00,0.33,0.37
94,108,S(O)(=NH)CF3,0,0,1,2.58,15.51,14.14,0.00,0.00,0.72,0.84
95,109,NHSO2CF3,1,0,0,3.04,4.78,16.31,11.94,0.00,0.44,0.39
96,110,CHI2,0,0,0,2.55,7.52,0.00,0.00,0.00,0.26,0.26
97,111,NHCN,1,0,0,3.04,4.75,9.12,0.00,0.00,0.21,0.06
98,112,1-(1H)-tetrazolyl,1,0,0,3.04,5.59,14.36,0.00,0.00,0.52,0.50
99,113,5-(1H)-tetrazolyl,0,0,0,2.55,9.12,8.28,0.00,0.00,0.64,0.56
100,114,5-hydroxy-1-tetrazolyl,1,0,0,3.04,5.59,15.60,2.20,0.00,0.39,0.33
101,115,5-mercapto-1-tetrazolyl,1,0,0,3.04,5.59,14.74,2.20,0.00,0.45,0.45
102,116,,1,0,0,3.04,4.75,8.66,6.08,0.00,0.30,0.19
103,117,CHO,0,0,1,2.55,9.08,0.00,0.00,0.00,0.35,0.42
104,118,COOH,0,0,1,2.55,10.32,2.20,0.00,0.00,0.37,0.45
105,119,CH2Br,0,0,0,2.55,7.36,0.00,0.00,0.00,0.12,0.14
106,120,CH2Cl,0,0,0,2.55,7.56,0.00,0.00,0.00,0.11,0.12
107,121,OCH2Cl,1,0,0,3.44,2.55,7.56,0.00,0.00,0.25,0.08
108,122,CH2F,0,0,0,2.55,8.38,0.00,0.00,0.00,0.12,0.11
109,123,OCH2F,1,0,0,3.44,2.55,8.38,0.00,0.00,0.20,0.02
110,124,SCH2F,0,1,0,2.58,2.55,8.38,0.00,0.00,0.23,0.20
111,125,CH2I,0,0,0,2.55,7.06,0.00,0.00,0.00,0.10,0.11
112,126,NHCHO,1,0,0,3.04,4.75,9.08,0.00,0.00,0.19,0.00
113,127,CONH2,0,0,1,2.55,9.92,4.40,0.00,0.00,0.28,0.36
114,128,CSNH2,0,0,1,2.55,8.20,4.40,0.00,0.00,0.25,0.30
115,129,CH=NOH-t,0,0,1,2.55,8.28,3.44,2.20,0.00,0.22,0.10
116,131,N(O)=NCONH2,0,0,1,3.04,9.52,2.55,9.92,4.40,0.59,0.63
117,132,O-CH2O-,1,0,0,3.44,2.55,7.84,2.55,7.65,-0.16,-0.16
118,133,Me,0,0,0,2.55,6.60,0.00,0.00,0.00,-0.07,-0.17
119,135,SiMeCl2,0,0,0,1.90,8.87,6.60,0.00,0.00,0.31,0.39
120,136,SiMeF2,0,0,0,1.90,10.51,6.60,0.00,0.00,0.29,0.23
121,137,HgMe,0,0,0,2.00,2.55,6.60,0.00,0.00,0.43,0.10
122,139,NHCONH2,1,0,0,3.04,4.75,9.92,4.40,0.00,-0.03,-0.24
123,140,N(Me)NO2,1,0,0,3.04,5.59,16.92,0.00,0.00,0.49,0.61
124,141,NHCSNH2,1,0,0,3.04,4.75,8.20,4.40,0.00,0.22,0.16
125,142,OCH3,1,0,0,3.44,2.55,6.60,0.00,0.00,0.12,-0.27
126,143,CH2OH,0,0,0,2.55,7.84,2.20,0.00,0.00,0.00,0.00
127,144,SOCH3,0,1,1,2.58,9.43,6.60,0.00,0.00,0.52,0.49
128,145,S(OCH3),0,1,0,2.58,3.44,2.55,6.60,0.00,0.21,0.17
129,146,OS(=O)CH3,1,0,0,3.44,2.58,9.43,6.60,0.00,0.44,0.45
130,147,S(O)OCH3,0,1,1,2.58,10.32,2.55,6.60,0.00,0.50,0.54
131,148,SO2Me,0,0,1,2.58,16.31,6.60,0.00,0.00,0.60,0.72
132,149,SSO2Me,0,1,0,2.58,2.58,16.31,6.60,0.00,0.43,0.54
133,150,OSO2Me,1,0,0,3.44,2.58,16.31,6.60,0.00,0.39,0.36
134,151,SCH3,0,1,0,2.58,2.55,6.60,0.00,0.00,0.15,0.00
135,152,SSMe,0,1,0,2.58,2.58,2.55,6.60,0.00,0.22,0.13
136,153,SeMe,0,0,0,2.55,2.55,6.60,0.00,0.00,0.10,0.00
137,154,NHMe,1,0,0,3.04,4.75,6.60,0.00,0.00,-0.21,-0.70
138,155,CH2NH2,0,0,0,2.55,7.44,4.40,0.00,0.00,-0.03,-0.11
139,156,NHSO2Me,1,0,0,3.04,4.78,16.31,6.60,0.00,0.20,0.03
140,158,N(COF)2,1,0,0,3.04,5.10,21.72,0.00,0.00,0.58,0.57
141,159,HgOCOCF3,0,0,0,2.00,3.44,2.55,9.43,11.94,0.50,0.52
142,160,COCF3,0,0,1,2.55,9.43,11.94,0.00,0.00,0.63,0.80
143,161,SCOCF3,0,1,0,2.58,2.55,9.43,11.94,0.00,0.48,0.46
144,162,OCOCF3,1,0,0,3.44,2.55,9.43,11.94,0.00,0.56,0.46
145,163,N(CF3)C=OF,1,0,0,3.04,5.10,22.80,0.00,0.00,0.50,0.50
146,165,CF2CF3,0,0,0,2.55,10.51,11.94,0.00,0.00,0.47,0.52
147,166,OCF2CF3,1,0,0,3.44,2.55,10.51,11.94,0.00,0.48,0.28
148,167,SO2CF2CF3,0,0,1,2.58,16.31,10.51,11.94,0.00,0.92,1.08
149,168,SCF2CF3,0,1,0,2.58,2.55,10.51,11.94,0.00,0.44,0.48
150,169,N(CF3)2,1,0,0,3.04,5.10,23.88,0.00,0.00,0.40,0.53
151,170,S(CF3)=NSO2CF3,0,1,1,2.58,8.63,14.52,16.31,11.94,1.18,1.28
152,171,SO(CF3)=NSO2CF3,0,0,1,2.58,15.51,14.52,16.31,11.94,1.23,1.40
153,172,N(SO2CF3)2,1,0,0,3.04,5.16,32.62,23.88,0.00,0.61,0.83
154,173,P(CF3)2,0,1,0,2.19,5.10,23.88,0.00,0.00,0.60,0.69
155,174,P(CN)2,0,1,0,2.19,5.10,18.24,0.00,0.00,0.82,0.90
156,175,C#CH,0,0,1,2.55,7.65,2.20,0.00,0.00,0.21,0.23
157,176,OCF2CHFCl,1,0,0,3.44,2.55,10.51,9.34,0.00,0.35,0.28
158,177,NHCOCF3,1,0,0,3.04,4.75,9.43,11.94,0.00,0.30,0.12
159,178,CH=NSO2CF3,0,0,1,2.55,8.28,2.58,16.31,11.94,0.76,1.00
160,179,OCF2CHF2,1,0,0,3.44,2.55,10.51,11.94,0.00,0.34,0.25
161,180,SCF2CHF2,0,1,0,2.58,2.55,10.51,11.94,0.00,0.38,0.47
162,181,,1,0,0,3.04,5.59,14.74,8.66,20.30,0.63,0.64
163,182,SC#CH,0,1,0,2.58,2.55,7.65,2.20,0.00,0.26,0.19
164,183,SCH=CHCl,0,1,0,2.58,2.55,7.30,5.36,0.00,0.31,0.24
165,184,SeCH=CHCl,0,0,0,2.55,2.55,7.30,5.36,0.00,0.28,0.26
166,185,CH2CF3,0,0,0,2.55,6.95,11.94,0.00,0.00,0.12,0.09
167,186,CH2SOCF3,0,0,0,2.55,6.98,9.43,11.94,0.00,0.25,0.24
168,187,CH2SO2CF3,0,0,0,2.55,6.98,16.31,11.94,0.00,0.29,0.31
169,188,CH2SCF3,0,0,0,2.55,6.98,2.55,11.94,0.00,0.12,0.15
170,189,CH2CN,0,0,0,2.55,6.95,9.12,0.00,0.00,0.16,0.18
171,190,CH=CHNO2-t,0,0,1,2.55,7.30,5.24,10.32,0.00,0.32,0.26
172,192,CH2SCN,0,0,0,2.55,6.98,2.55,9.12,0.00,0.12,0.14
173,193,CH=CH2,0,0,1,2.55,7.30,4.40,0.00,0.00,0.06,-0.04
174,194,NHCOCH2Cl,1,0,0,3.04,4.75,9.43,7.56,0.00,0.17,-0.03
175,195,N(Me)SO2CF3,1,0,0,3.04,5.13,22.91,11.94,0.00,0.46,0.44
176,196,HgOCOCH3,0,0,0,2.00,3.44,2.55,9.43,6.60,0.39,0.40
177,197,C(Me)(NO2)2,0,0,0,2.55,8.63,27.24,0.00,0.00,0.54,0.61
178,198,oxiranyl,0,0,0,2.55,8.19,10.39,0.00,0.00,0.05,0.03
179,199,OCH=CH2,1,0,0,3.44,2.55,7.30,4.40,0.00,0.21,-0.09
180,200,COMe,0,0,1,2.55,9.43,6.60,0.00,0.00,0.38,0.50
181,201,SCOMe,0,1,0,2.58,2.55,9.43,6.60,0.00,0.39,0.44
182,202,OCOMe,1,0,0,3.44,2.55,9.43,6.60,0.00,0.39,0.31
183,203,COOMe,0,0,1,2.55,10.32,2.55,6.60,0.00,0.37,0.45
184,204,2-thiacyclopropyl,0,0,0,2.55,7.33,9.53,0.00,0.00,0.04,0.01
185,205,SCH=CH2,0,1,0,2.58,2.55,7.30,4.40,0.00,0.26,0.20
186,206,SeCH=CH2,0,0,0,2.55,2.55,7.30,4.40,0.00,0.26,0.21
187,207,1-aziridinyl,1,0,0,3.04,5.10,13.90,0.00,0.00,-0.07,-0.22
188,208,2-aziridinyl,0,0,0,2.55,7.79,7.79,0.00,0.00,-0.06,-0.10
189,209,N-methyl-3-oxaziridinyl,0,0,0,2.55,8.68,9.03,6.60,0.00,0.09,0.12
190,210,NHCOOMe,1,0,0,3.04,4.75,10.32,2.55,6.60,-0.02,-0.17
191,211,NHCOMe,1,0,0,3.04,4.75,9.43,6.60,0.00,0.21,0.00
192,212,CONHMe,0,0,1,2.55,9.92,4.75,6.60,0.00,0.35,0.36
193,213,CH=NOMe,0,0,1,2.55,8.28,3.44,2.55,6.60,0.37,0.30
194,214,CH2CONH2,0,0,0,2.55,6.95,9.92,4.40,0.00,0.06,0.07
195,215,NHCSMe,1,0,0,3.04,4.75,7.71,6.60,0.00,0.24,0.12
196,216,CSNHMe,0,0,1,2.55,8.20,4.75,6.60,0.00,0.30,0.34
197,217,CH=NNHCSNH2,0,0,1,2.55,8.28,3.04,4.75,8.20,0.45,0.40
198,219,Et,0,0,0,2.55,6.95,6.60,0.00,0.00,-0.07,-0.15
199,220,CH=NNHCONHNH2,0,0,1,2.55,8.28,3.04,4.75,9.92,0.22,0.16
200,221,OCH2CH3,1,0,0,3.44,2.55,6.95,6.60,0.00,0.10,-0.24
201,222,CH(OH)Me,0,0,0,2.55,8.19,8.80,0.00,0.00,0.08,-0.07
202,223,CH2OMe,0,0,0,2.55,7.84,2.55,6.60,0.00,0.08,0.01
203,224,SO2Et,0,0,1,2.58,16.31,6.95,6.60,0.00,0.66,0.77
204,225,SCH2CH3,0,1,0,2.58,2.55,6.95,6.60,0.00,0.18,0.03
205,226,P(Cl)N(CH3)2,0,1,0,2.19,6.20,5.10,13.20,0.00,0.38,0.56
206,228,SiClMe2,0,0,0,1.90,8.26,13.20,0.00,0.00,0.16,0.21
207,229,SiFMe2,0,0,0,1.90,9.08,13.20,0.00,0.00,0.12,0.17
208,230,NHEt,1,0,0,3.04,4.75,6.95,6.60,0.00,-0.24,-0.61
209,231,N(Me)2,1,0,0,3.04,5.10,13.20,0.00,0.00,-0.16,-0.83
210,233,SO2NMe2,0,0,1,2.58,16.80,5.10,13.20,0.00,0.51,0.65
211,234,N(SO2Me)2,1,0,0,3.04,5.16,32.62,13.20,0.00,0.47,0.49
212,235,SN(Me)2,0,1,0,2.58,3.04,5.10,13.20,0.00,0.12,0.09
213,236,N=NNMe2,1,0,1,3.04,6.08,3.04,5.10,13.20,-0.05,-0.03
214,238,P(O)Me2,0,0,1,2.19,11.98,13.20,0.00,0.00,0.43,0.50
215,239,P(O)(OCH3)2,0,0,1,2.19,13.76,5.10,13.20,0.00,0.42,0.53
216,240,PMe2,0,1,0,2.19,5.10,13.20,0.00,0.00,0.03,0.06
217,244,SiH(Me)2,0,0,0,1.90,7.30,13.20,0.00,0.00,0.01,0.04
218,250,C#CCF3,0,0,1,2.55,7.65,2.55,11.94,0.00,0.41,0.51
219,251,CF=CFCF3-t,0,0,1,2.55,9.08,6.53,11.94,0.00,0.39,0.46
220,252,N=C(CF3)2,1,0,1,3.04,5.10,5.10,23.88,0.00,0.29,0.23
221,253,CF2CF2CF3,0,0,0,2.55,10.51,10.51,11.94,0.00,0.44,0.48
222,254,CF(CF3)2,0,0,0,2.55,9.08,23.88,0.00,0.00,0.37,0.53
223,255,SO2CF2CF2CF3,0,0,1,2.58,16.31,10.51,10.51,11.94,0.92,1.09
224,256,SO2CF(CF3)2,0,0,1,2.58,16.31,9.08,23.88,0.00,0.92,1.10
225,257,SCF2CF2CF3,0,1,0,2.58,2.55,10.51,10.51,11.94,0.45,0.48
226,258,SCF(CF3)2,0,1,0,2.58,2.55,9.08,23.88,0.00,0.48,0.51
227,259,TeCF2CF2CF3,0,0,0,2.10,2.55,10.51,10.51,11.94,0.46,0.48
228,260,C(OH)(CF3)2,0,0,0,2.55,8.54,26.08,0.00,0.00,0.29,0.30
229,261,CH(SCF3)2,0,0,0,2.55,7.36,5.10,23.88,0.00,0.44,0.44
230,262,CH(CN)2,0,0,0,2.55,7.30,18.24,0.00,0.00,0.53,0.52
231,263,CH=CHCF3-c,0,0,1,2.55,7.30,4.75,11.94,0.00,0.16,0.17
232,264,CH=CHCF3-t,0,0,1,2.55,7.30,4.75,11.94,0.00,0.24,0.27
233,265,CH=CHSO2CF3,0,0,1,2.55,7.30,4.78,16.31,11.94,0.31,0.55
234,266,CH=CHCN,0,0,1,2.55,7.30,4.75,9.12,0.00,0.24,0.17
235,267,C#C-CH3,0,0,1,2.55,7.65,2.55,6.60,0.00,0.21,0.03
236,268,N(Me)COCF3,1,0,0,3.04,5.10,16.03,11.94,0.00,0.41,0.39
237,269,CH=CHCHO,0,0,1,2.55,7.30,4.75,9.08,0.00,0.24,0.13
238,270,cyclopropyl,0,0,0,2.55,7.30,8.80,0.00,0.00,-0.07,-0.21
239,271,C(Me)=CH2,0,0,1,2.55,7.65,11.00,0.00,0.00,0.09,0.05
240,272,CH=CHMe-t,0,0,1,2.55,7.30,4.75,6.60,0.00,0.02,-0.09
241,273,CH2CH=CH2,0,0,0,2.55,6.95,7.30,4.40,0.00,-0.11,-0.14
242,274,C(Et)(NO2)2,0,0,0,2.55,8.63,27.59,6.60,0.00,0.56,0.64
243,275,OCH2CH=CH2,1,0,0,3.44,2.55,6.95,7.30,4.40,0.09,-0.25
244,276,COEt,0,0,1,2.55,9.43,6.95,6.60,0.00,0.38,0.48
245,277,COOEt,0,0,1,2.55,10.32,2.55,6.95,6.60,0.37,0.45
246,278,CH2OCOMe,0,0,0,2.55,7.84,2.55,9.43,6.60,0.04,0.05
247,279,CH2CH2COOH,0,0,0,2.55,6.95,6.95,10.32,2.20,-0.03,-0.07
248,280,SCH2CH=CH2,0,1,0,2.58,2.55,6.95,7.30,4.40,0.19,0.12
249,281,SeCH2CH=CH2,0,0,0,2.55,2.55,6.95,7.30,4.40,0.21,0.12
250,282,CH2CH2CH2-,0,0,0,2.55,6.95,6.95,6.95,7.65,-0.26,-0.26
251,283,N(Me)COMe,1,0,0,3.04,5.10,16.03,6.60,0.00,0.31,0.26
252,284,CH2NHCOMe,0,0,0,2.55,7.44,4.75,9.43,6.60,0.05,-0.05
253,285,NHCOOEt,1,0,0,3.04,4.75,10.32,2.55,6.95,0.11,-0.15
254,286,C(NO2)Me2,0,0,0,2.55,8.14,23.52,0.00,0.00,0.18,0.20
255,287,OCH2CH2CH2O-,1,0,0,3.44,2.55,6.95,6.95,7.84,0.00,0.00
256,288,isopropyl,0,0,0,2.55,7.30,6.60,0.00,0.00,-0.04,-0.15
257,289,CH2CH2CH3,0,0,0,2.55,6.95,6.95,6.60,0.00,-0.06,-0.13
258,291,NHCONHEt,1,0,0,3.04,4.75,9.92,4.75,6.95,0.04,-0.26
259,292,NHCSNHEt,1,0,0,3.04,4.75,8.20,4.75,6.95,0.30,0.07
260,293,OCHMe2,1,0,0,3.44,2.55,7.30,13.20,0.00,0.10,-0.45
261,294,OCH2CH2CH3,1,0,0,3.44,2.55,6.95,6.95,6.60,0.10,-0.25
262,295,CH2CH(OH)Me,0,0,0,2.55,6.95,8.19,8.80,0.00,-0.12,-0.17
263,296,C(OOH)Me2,0,0,0,2.55,8.54,16.64,2.20,0.00,0.06,-0.14
264,297,SCHMe2,0,1,0,2.58,2.55,7.30,13.20,0.00,0.23,0.07
265,298,CH2NMe2,0,0,0,2.55,7.44,5.10,13.20,0.00,0.00,0.01
266,299,GeMe3,0,0,0,2.01,7.65,19.80,0.00,0.00,0.00,0.00
267,302,Si(Me)2OMe,0,0,0,1.90,8.54,15.75,6.60,0.00,0.04,-0.02
268,303,OSiMe3,1,0,0,3.44,1.90,7.65,19.80,0.00,0.13,-0.27
269,304,SiMe(OCH3)2,0,0,0,1.90,9.43,11.70,13.20,0.00,0.04,0.10
270,305,Si(OCH3)3,0,0,0,1.90,10.32,7.65,19.80,0.00,0.09,0.13
271,307,SiMe3,0,0,0,1.90,7.65,19.80,0.00,0.00,-0.04,-0.07
272,308,SnMe3,0,0,0,1.96,7.65,19.80,0.00,0.00,0.00,0.00
273,314,I(OCOCF3)2,0,0,0,2.66,6.88,5.10,18.86,23.88,1.28,1.34
274,315,cyclo-C4F7,0,0,0,2.55,9.08,18.47,7.96,0.00,0.48,0.53
275,316,COCF2CF2CF3,0,0,1,2.55,9.43,10.51,10.51,11.94,0.63,0.79
276,317,C(CF3)3,0,0,0,2.55,7.65,35.82,0.00,0.00,0.55,0.55
277,318,(CF2)3CF3,0,0,0,2.55,10.51,10.51,10.51,11.94,0.47,0.52
278,319,SO2C(CF3)3,0,0,1,2.58,16.31,7.65,35.82,0.00,0.96,1.13
279,320,SC(CF3)3,0,1,0,2.58,2.55,7.65,35.82,0.00,0.51,0.58
280,321,C(SCF3)3,0,0,0,2.55,7.74,7.65,35.82,0.00,0.51,0.53
281,322,SeC(CF3)3,0,0,0,2.55,2.55,7.65,35.82,0.00,0.49,0.54
282,323,C(CN)3,0,0,0,2.55,7.65,27.36,0.00,0.00,0.97,0.96
283,324,cyclo-1-(OH)C4F6,0,0,0,2.55,8.54,20.67,7.96,0.00,0.36,0.37
284,325,CH=C(CN)2,0,0,1,2.55,7.30,5.10,18.24,0.00,0.66,0.84
285,326,2-(5-bromofuryl),0,0,0,2.55,8.14,5.10,13.16,0.00,0.15,0.00
286,327,,1,0,0,3.04,5.10,18.86,14.60,0.00,0.33,0.27
287,328,"3-chloro-1-pyrroline-2,5-dione",1,0,0,3.04,5.10,18.86,15.56,0.00,0.47,0.46
288,329,3-pyridazinyl,0,0,1,2.55,8.63,10.34,9.85,2.20,0.28,0.48
289,330,"3,4-CH=CHCH=CH-",0,0,1,2.55,7.30,4.75,7.30,4.75,0.04,0.04
290,331,C(Me)(CN)2,0,0,0,2.55,7.65,24.84,0.00,0.00,0.60,0.57
291,332,4-pyrimidinyl,0,0,1,2.55,8.14,9.85,13.52,0.00,0.30,0.63
292,333,2-pyrimidinyl,0,0,1,2.55,9.12,7.65,12.05,2.20,0.23,0.53
293,334,5-pyrimidinyl,0,0,1,2.55,7.65,13.52,7.65,2.20,0.28,0.39
294,335,2-furyl,0,0,1,2.55,8.54,7.30,12.40,0.00,0.06,0.02
295,336,2-thienyl,0,0,1,2.55,7.68,7.30,12.40,0.00,0.09,0.05
296,337,3-thienyl,0,0,1,2.55,7.65,12.08,7.33,0.00,0.03,-0.02
297,338,2-selenienyl,0,0,1,2.55,7.65,7.30,12.40,0.00,0.06,0.04
298,339,2-tellurienyl,0,0,1,2.55,7.20,7.30,12.40,0.00,0.06,0.03
299,340,1-pyrryl,1,0,0,3.04,5.10,14.60,9.50,0.00,0.47,0.37
300,341,"1-pyrroline-2,5-dione",1,0,0,3.04,5.10,18.86,14.60,0.00,0.34,0.31
301,342,CH=CHCOMe,0,0,1,2.55,7.30,4.75,9.43,6.60,0.21,-0.01
302,343,I(OCOMe)2,0,0,0,2.66,6.88,5.10,18.86,13.20,0.85,0.88
303,344,N(COMe)2,1,0,0,3.04,5.10,18.86,13.20,0.00,0.35,0.33
304,345,cyclobutyl,0,0,0,2.55,7.30,11.35,4.40,0.00,-0.05,-0.14
305,346,COCHMe2,0,0,1,2.55,9.43,7.30,13.20,0.00,0.38,0.47
306,348,NHCOCH(Me)2,1,0,0,3.04,4.75,9.43,7.30,13.20,0.11,-0.10
307,349,C(Me)3,0,0,0,2.55,7.65,19.80,0.00,0.00,-0.10,-0.20
308,350,CH(Me)Et,0,0,0,2.55,7.30,13.55,6.60,0.00,-0.08,-0.12
309,351,CH2CH(Me)2,0,0,0,2.55,6.95,7.30,13.20,0.00,-0.07,-0.12
310,352,(CH2)3CH3,0,0,0,2.55,6.95,6.95,6.95,6.60,-0.08,-0.16
311,353,O(CH2)3CH3,1,0,0,3.44,2.55,6.95,6.95,6.95,0.10,-0.32
312,354,CH2C(OH)Me2,0,0,0,2.55,6.95,8.54,15.40,0.00,-0.16,-0.17
313,355,C(OCH3)3,0,0,0,2.55,10.32,7.65,19.80,0.00,-0.03,-0.04
314,356,AsEt3,0,0,0,2.18,7.65,6.95,19.80,0.00,0.22,0.00
315,357,As(O)Et2,0,0,1,2.18,14.53,6.95,19.80,0.00,0.57,0.44
316,358,As(S)Et2,0,0,1,2.18,12.81,6.95,19.80,0.00,0.52,0.44
317,359,NH(CH2)3CH3,1,0,0,3.04,4.75,6.95,6.95,6.95,-0.34,-0.51
318,360,N(Et)2,1,0,0,3.04,5.10,13.90,13.20,0.00,-0.23,-0.72
319,361,PO(Et)2,0,0,1,2.19,11.98,13.90,13.20,0.00,0.37,0.47
320,362,N=NPO(OCH2CH3)2,1,0,1,3.04,6.08,2.19,13.76,5.10,0.16,0.74
321,363,PO(OCH2CH3)2,0,0,1,2.19,13.76,5.10,13.90,13.20,0.55,0.60
322,364,P(CH2CH3)2,0,1,0,2.19,5.10,13.90,13.20,0.00,0.10,0.13
323,365,P(S)(CH2CH3)2,0,0,1,2.19,10.26,13.90,13.20,0.00,0.39,0.46
324,368,CH2OSi(Me)3,0,0,0,2.55,7.84,1.90,7.65,19.80,-0.04,-0.05
325,369,CH2Si(Me)3,0,0,0,2.55,6.30,7.65,19.80,0.00,-0.16,-0.21
326,370,PO(N(Me)2)2,0,0,1,2.19,12.96,10.20,26.40,0.00,0.30,0.40
327,371,P(N(Me)2)2,0,0,0,2.19,6.08,10.20,26.40,0.00,0.18,0.25
328,375,C(CN)=C(CN)2,0,0,1,2.55,7.65,14.22,18.24,0.00,0.77,0.98
329,376,2-(5-cyanofuryl),0,0,1,2.55,8.54,7.30,14.95,9.12,0.25,0.10
330,377,2-(5-formylfuryl),0,0,1,2.55,8.54,7.30,14.95,9.08,0.22,-0.05
331,378,2-pyridyl,0,0,1,2.55,8.14,9.85,12.05,12.05,0.33,0.17
332,379,3-pyridyl,0,0,1,2.55,7.65,12.54,9.85,13.03,0.23,0.25
333,380,4-pyridyl,0,0,1,2.55,7.65,12.05,13.52,7.65,0.27,0.44
334,381,"2-(4,6-dimethyl-s-triazinyl)",0,0,1,2.55,9.12,5.10,14.22,20.85,0.25,0.39
335,382,1-cyclopentenyl,0,0,1,2.55,7.65,11.70,13.90,13.90,-0.06,-0.05
336,383,CH=CHCOOEt,0,0,1,2.55,7.30,4.75,10.32,2.55,0.19,0.03
337,384,cyclopentyl,0,0,0,2.55,7.30,13.90,13.90,13.90,-0.05,-0.14
338,385,COC(Me)3,0,0,1,2.55,9.43,7.65,19.80,0.00,0.27,0.32
339,386,NHCOO(CH2)3CH3,1,0,0,3.04,4.75,10.32,2.55,6.95,0.06,-0.05
340,387,C(Et)(Me)2,0,0,0,2.55,7.65,20.15,6.60,0.00,-0.06,-0.18
341,388,CH2C(Me)3,0,0,0,2.55,6.95,7.65,19.80,0.00,-0.05,-0.17
342,389,(CH2)4CH3,0,0,0,2.55,6.95,6.95,6.95,6.95,-0.08,-0.15
343,390,O(CH2)4CH3,1,0,0,3.44,2.55,6.95,6.95,6.95,0.10,-0.34
344,391,CH2PO(OCH2CH3)2,0,0,0,2.55,6.59,13.76,5.10,6.95,0.12,0.06
345,393,CH2CH2Si(Me)3,0,0,0,2.55,6.95,6.30,7.65,19.80,-0.16,-0.17
346,394,Si(Me)2OSi(Me)3,0,0,0,1.90,8.54,15.10,7.65,19.80,0.00,-0.01
347,395,C6Cl5,0,0,1,2.55,7.65,13.97,13.97,7.32,0.25,0.24
348,396,C6F5,0,0,1,2.55,7.65,15.61,15.61,7.96,0.26,0.27
349,397,P(O)(C3F7)2,0,0,1,2.19,11.98,21.02,21.02,23.88,0.95,1.10
350,398,OP(O)(C3F7)2,1,0,0,3.44,2.19,11.98,21.02,21.02,0.66,0.56
351,399,NHP(O)(C3F7)2,1,0,0,3.04,4.39,11.98,21.02,21.02,0.28,0.18
352,401,CH2Mn(CO)5,0,0,0,2.55,5.95,12.75,51.60,0.00,-0.14,-0.44
353,402,"C6H2-2,4,6-(NO2)3",0,0,1,2.55,7.65,13.73,32.69,6.08,0.26,0.30
354,403,C6H4-3-Br,0,0,1,2.55,7.65,12.05,12.81,4.40,0.09,0.08
355,404,C6H4-4-Br,0,0,1,2.55,7.65,12.05,12.05,5.92,0.15,0.12
356,405,C6H4-3-Cl,0,0,1,2.55,7.65,12.05,13.01,4.40,0.15,0.10
357,406,C6H4-4-Cl,0,0,1,2.55,7.65,12.05,12.05,6.32,0.15,0.12
358,407,C6H4-3-F,0,0,1,2.55,7.65,12.05,13.83,4.40,0.15,0.10
359,408,C6H4-4-F,0,0,1,2.55,7.65,12.05,12.05,7.95,0.12,0.06
360,409,OC6H4-4-F,1,0,0,3.44,2.55,7.65,12.05,12.05,-0.08,-0.10
361,410,C6H4-3-I,0,0,1,2.55,7.65,12.05,12.51,4.40,0.13,0.06
362,411,C6H4-4-I,0,0,1,2.55,7.65,12.05,12.05,5.32,0.14,0.10
363,412,C6H4-3-NO2,0,0,1,2.55,7.65,12.05,12.89,14.72,0.21,0.20
364,413,C6H4-4-NO2,0,0,1,2.55,7.65,12.05,12.05,6.08,0.25,0.26
365,414,SC6H4-4-NO2,0,1,0,2.58,2.55,7.65,12.05,12.05,0.32,0.24
366,415,SOC6H4-4-NO2,0,1,1,2.58,9.43,7.65,12.05,12.05,0.58,0.60
367,416,2-benzotriazolyl,1,0,0,3.04,6.08,10.20,5.10,14.60,0.49,0.51
368,417,C6H5,0,0,1,2.55,7.65,12.05,12.05,4.40,0.06,-0.01
369,418,N(O)=NSO2C6H5,0,0,1,3.04,9.52,2.58,16.31,7.65,0.69,0.79
370,419,N=NC6H5,1,0,1,3.04,6.08,2.55,7.65,12.05,0.32,0.39
371,420,OC6H5,1,0,0,3.44,2.55,7.65,12.05,12.05,0.25,-0.03
372,421,SOC6H5,0,1,1,2.58,9.43,7.65,12.05,12.05,0.50,0.44
373,422,2-(5-acetylfuryl),0,0,1,2.55,8.54,7.30,14.95,17.62,0.24,0.08
374,423,2-(6-methylpyronyl),0,0,1,2.55,8.54,7.30,17.08,18.65,0.38,0.43
375,424,SO2C6H5,0,0,1,2.58,16.31,7.65,12.05,12.05,0.62,0.68
376,425,OSO2C6H5,1,0,0,3.44,2.58,16.31,7.65,12.05,0.36,0.33
377,426,SC6H5,0,1,0,2.58,2.55,7.65,12.05,12.05,0.23,0.07
378,427,NHC6H5,1,0,0,3.04,4.75,7.65,12.05,12.05,-0.02,-0.56
379,428,HNSO2C6H5,1,0,0,3.04,4.78,16.31,7.65,12.05,0.16,0.01
380,429,SO2NHC6H5,0,0,1,2.58,16.80,4.75,7.65,12.05,0.56,0.65
381,430,2-(5-ethylfuryl),0,0,1,2.55,8.54,7.30,14.95,17.69,0.09,-0.13
382,431,"1-(2,5-dimethylpyrryl)",1,0,0,3.04,5.10,15.30,22.70,14.60,0.49,0.38
383,432,1-cyclohexenyl,0,0,1,2.55,7.65,11.70,13.90,13.90,-0.10,-0.08
384,433,cyclohexyl,0,0,0,2.55,7.30,13.90,13.90,13.90,-0.05,-0.15
385,434,N(C3H7)2,1,0,0,3.04,5.10,13.90,13.90,13.20,-0.26,-0.93
386,435,(CH2)4NMe2,0,0,0,2.55,6.95,6.95,6.95,7.44,-0.08,-0.16
387,436,PO(isopropyl)2,0,0,1,2.19,11.98,14.60,26.40,0.00,0.37,0.41
388,437,P(isopropyl)2,0,1,0,2.19,5.10,14.60,26.40,0.00,0.02,0.06
389,438,P(O)(OCH2CH2CH3)2,0,0,1,2.19,13.76,5.10,13.90,13.90,0.38,0.50
390,439,Ge(Et)3,0,0,0,2.01,7.65,20.85,19.80,0.00,0.00,0.00
391,441,Si(OCH2CH3)3,0,0,0,1.90,10.32,7.65,20.85,19.80,0.02,0.08
392,443,Sn(CH2CH3)3,0,0,0,1.96,7.65,20.85,19.80,0.00,0.00,0.00
393,444,P(=NSO2CF3)(C3F7)2,0,0,1,2.19,11.18,23.60,37.33,35.82,1.24,1.37
394,445,Si(NMe2)3,0,0,0,1.90,9.12,15.30,39.60,0.00,-0.04,-0.04
395,446,2-benzoxazolyl,0,0,1,2.55,9.52,5.10,15.30,19.70,0.30,0.33
396,447,2-benzthiazolyl,0,0,1,2.55,8.66,5.10,15.30,19.70,0.27,0.29
397,448,COC6H5,0,0,1,2.55,9.43,7.65,12.05,12.05,0.34,0.43
398,449,OCOC6H5,1,0,0,3.44,2.55,9.43,7.65,12.05,0.21,0.13
399,450,COOC6H5,0,0,1,2.55,10.32,2.55,7.65,12.05,0.37,0.44
400,451,N=CHC6H5,1,0,1,3.04,5.10,4.75,7.65,12.05,-0.08,-0.55
401,452,CH=NC6H5,0,0,1,2.55,8.28,2.55,7.65,12.05,0.35,0.42
402,453,NHCOC6H5,1,0,0,3.04,4.75,9.43,7.65,12.05,0.02,-0.19
403,454,CONHC6H5,0,0,1,2.55,9.92,4.75,7.65,12.05,0.23,0.41
404,455,C6H4-4-Me,0,0,1,2.55,7.65,12.05,12.05,2.55,0.06,-0.03
405,456,CH2C6H5,0,0,0,2.55,6.95,7.65,12.05,12.05,-0.08,-0.09
406,457,N=NC6H3-5-Me-2-OH,1,0,1,3.04,6.08,2.55,7.65,13.29,0.27,0.31
407,458,C6H4-4-OCH3,0,0,1,2.55,7.65,12.05,12.05,6.88,0.05,-0.08
408,459,CH(OH)C6H5,0,0,0,2.55,8.19,9.85,12.05,12.05,0.00,-0.03
409,460,CH2OC6H5,0,0,0,2.55,7.84,2.55,7.65,12.05,0.06,0.07
410,461,CH2SO2C6H5,0,0,0,2.55,6.98,16.31,7.65,12.05,0.15,0.16
411,462,C(Et)3,0,0,0,2.55,7.65,20.85,19.80,0.00,-0.07,-0.20
412,463,(CH2)6CH3,0,0,0,2.55,6.95,6.95,6.95,6.95,-0.07,-0.16
413,464,SiMe(OSi(Me)3)2,0,0,0,1.90,9.43,10.40,15.30,39.60,-0.02,-0.01
414,465,CF2CF2C6H4-4-F,0,0,0,2.55,10.51,10.51,7.65,12.05,0.34,0.39
415,466,C#CC6H5,0,0,1,2.55,7.65,2.55,7.65,12.05,0.14,0.16
416,467,CH=NCOC6H5,0,0,1,2.55,8.28,2.55,7.65,12.05,0.39,0.51
417,468,CH=CHC6H5,0,0,1,2.55,7.30,4.75,7.65,12.05,0.03,-0.07
418,470,CH=NNHCOC6H5,0,0,1,2.55,8.28,3.04,4.75,9.43,0.39,0.51
419,471,N=CHC6H4-4-OCH3,1,0,1,3.04,5.10,4.75,7.65,12.05,-0.07,-0.54
420,472,NHCOC6H4-4-OCH3,1,0,0,3.04,4.75,9.43,7.65,12.05,0.09,-0.06
421,473,SCH=NSO2C6H4-4-Me,0,1,0,2.58,2.55,8.28,2.58,16.31,0.65,0.70
422,474,C6H4-4-Et,0,0,1,2.55,7.65,12.05,12.05,5.10,0.07,-0.02
423,475,CH2CH2C6H5,0,0,0,2.55,6.95,2.55,7.65,12.05,-0.07,-0.12
424,476,N=C(Me)NHC6H5,1,0,1,3.04,5.10,5.59,11.35,7.65,0.29,0.08
425,477,Si(C6H6)(Me)2,0,0,0,1.90,7.65,20.85,12.05,12.05,0.04,0.07
426,478,S(Me)=NSO2C6H4-4-Me,0,1,1,2.58,8.63,9.18,16.31,7.65,0.65,0.70
427,480,PO(CMe3)2,0,0,1,2.19,11.98,15.30,39.60,0.00,0.31,0.41
428,481,PO(C4H9)2,0,0,1,2.19,11.98,13.90,13.90,13.90,0.35,0.49
429,482,PO(OC4H9)2,0,0,1,2.19,13.76,5.10,13.90,13.90,0.41,0.57
430,483,P(CMe3)2,0,1,0,2.19,5.10,15.30,39.60,0.00,0.01,0.15
431,488,CH=CHCOC6H4-4-NO2,0,0,1,2.55,7.30,4.75,9.43,7.65,0.15,0.05
432,490,CH=CHCOC6H5,0,0,1,2.55,7.30,4.75,9.43,7.65,0.18,0.05
433,491,C6H4-4-CHMe2,0,0,1,2.55,7.65,12.05,12.05,5.10,0.08,0.01
434,492,Si(OSiMe3)3,0,0,0,1.90,10.32,5.70,22.95,59.40,-0.09,-0.01
435,496,C6H4-4-CMe3,0,0,1,2.55,7.65,12.05,12.05,5.10,0.07,0.01
436,497,1-adamantyl,0,0,0,2.55,7.65,20.85,21.90,41.70,-0.12,-0.13
437,501,As(C6H5)2,0,0,0,2.18,5.10,15.30,24.10,24.10,0.03,0.09
438,502,AsO(C6H5)2,0,0,1,2.18,11.98,15.30,24.10,24.10,0.54,0.64
439,503,P(C6H5)2(BCl3),0,0,0,2.19,7.14,24.78,24.10,24.10,0.67,0.72
440,504,N(C6H5)2,1,0,0,3.04,5.10,15.30,24.10,24.10,0.00,-0.22
441,505,PO(C6H5)2,0,0,1,2.19,11.98,15.30,24.10,24.10,0.38,0.53
442,506,P(C6H5)2,0,1,0,2.19,5.10,15.30,24.10,24.10,0.11,0.19
443,507,PS(C6H5)2,0,0,1,2.19,10.26,15.30,24.10,24.10,0.29,0.47
444,508,P(N(C3H7)2)C6H4-3-F,0,1,0,2.19,5.59,12.75,25.95,25.95,0.20,0.24
445,509,,0,0,1,2.55,8.54,7.30,17.08,17.85,0.37,0.38
446,510,,0,0,1,2.55,8.54,7.30,17.08,17.50,0.38,0.38
447,511,,0,0,1,2.55,10.32,7.65,22.95,36.99,0.17,0.21
448,512,CH(C6H5)2,0,0,0,2.55,7.30,15.30,24.10,24.10,-0.03,-0.05
449,513,,0,0,0,2.18,5.10,15.30,25.78,34.30,0.12,0.07
450,514,PO(C6H5)C6H4-4-Me,0,0,1,2.19,11.98,15.30,24.10,24.10,0.13,0.30
451,515,CH2PO(C6H5)2,0,0,0,2.55,6.59,11.98,15.30,24.10,0.14,0.01
452,516,PS(C6H5)C6H4-4-Me,0,0,1,2.19,10.26,15.30,24.10,24.10,0.09,0.30
453,518,Si(Me)(C6H5)2,0,0,0,1.90,7.65,21.90,24.10,24.10,0.10,0.13
454,519,COOCH(C6H5)2,0,0,1,2.55,10.32,2.55,7.30,15.30,0.36,0.56
455,520,PO(C6H4-4-Me)2,0,0,1,2.19,11.98,15.30,24.10,24.10,0.17,0.30
456,521,PS(C6H4-4-Me)2,0,0,1,2.19,10.26,15.30,24.10,24.10,0.20,0.23
457,524,Ge(C6H5)3,0,0,0,1.81,7.65,22.95,36.15,36.15,0.05,0.08
458,526,N=P(C6H5)3,1,0,1,3.04,4.38,7.65,22.95,36.15,-0.33,-0.77
459,527,Si(C6H5)3,0,0,0,1.90,7.65,22.95,36.15,36.15,-0.03,0.10
460,529,C(C6H5)3,0,0,0,2.55,7.65,22.95,36.15,36.15,-0.01,0.02
